"id","img","title","description","url"
1,"https://m.media-amazon.com/images/I/51xHT9ZnmNL._SY344_BO1,204,203,200_.jpg","リーダブルコード ―より良いコードを書くためのシンプルで実践的なテクニック","「美しいコードを見ると感動する。優れたコードは見た瞬間に何をしているかが伝わってくる。そういうコードは使うのが楽しいし、自分のコードもそうあるべきだと思わせてくれる。本書の目的は、君のコードを良くすることだ」(本書「はじめに」より)。","https://amzn.to/3LcFsmf"
2,"https://m.media-amazon.com/images/I/41CRtHTRSCL._SX350_BO1,204,203,200_.jpg","良いコード/悪いコードで学ぶ設計入門 ―保守しやすい 成長し続けるコードの書き方","良いコードが書けるようになる、ソフトウェア設計の入門書「ITエンジニア本大賞2023」技術書部門で大賞受賞！本書は、より成長させやすいコードの書き方と設計を学ぶ入門書です。","https://amzn.to/3mDt841"
3,"https://m.media-amazon.com/images/I/51sApXJW7HL.jpg","Web API: The Good Parts","DB設計の基礎と実践ノウハウが身につく一冊 本書は、好評を博した『達人に学ぶ SQL徹底指南書』の続編という位置づけで、プロのデータベース（DB）エンジニアである著者が、DB設計の基礎と実践ノウハウをやさしく手ほどきする指南書です。","https://amzn.to/3l7D6ue"
4,"https://m.media-amazon.com/images/I/51GHwTNJgSL._SX389_BO1,204,203,200_.jpg","Web API: The Good Parts","Web APIの設計、開発、運用についての解説書。APIは設計次第で使いづらいものになるだけではなく、公開後の保守運用も難しくなってしまいます。そのためAPIを美しく設計することがとても重要です。","https://amzn.to/3ysKVxA"
5,"https://m.media-amazon.com/images/I/510GhCOD1FL._SX393_BO1,204,203,200_.jpg","プロを目指す人のためのTypeScript入門 安全なコードの書き方から高度な型の使い方まで (Software Design plus)","TypeScriptらしいコードの書き方を学べます。TypeScriptは、JavaScriptに静的型付けの機能を加えたオープンソースのプログラミング言語です。本書では、根幹となるJavaScriptの仕様・機能とともに、TypeScript独自の仕様・機能を解説します。TypeScriptの基礎知識はこれ一冊だけで学べます。","https://amzn.to/3YDdTpi"
6,"https://m.media-amazon.com/images/I/513J77QZHgL._SX350_BO1,204,203,200_.jpg","ゼロから作るDeep Learning ―Pythonで学ぶディープラーニングの理論と実装","ディープラーニングの本格的な入門書。外部のライブラリに頼らずに、Python 3によってゼロからディープラーニングを作ることで、ディープラーニングの原理を楽しく学びます。ディープラーニングやニューラルネットワークの基礎だけでなく、誤差逆伝播法や畳み込みニューラルネットワークなども実装レベルで理解できます。","https://amzn.to/3T6uJeQ"
7,"https://m.media-amazon.com/images/I/61YVe2oD4CL._SX397_BO1,204,203,200_.jpg","「プロになるためのWeb技術入門」 ――なぜ、あなたはWebシステムを開発できないのか","『なぜ、あなたはJavaでオブジェクト指向開発できないのか』の著者である小森祐介氏の新刊です。Webアプリケーションの開発方法を、インターネットの仕組みの根本原理から、じっくり解説します。Webアプリケーションとは何か?――という根本的な問いかけから始まり、基礎の基礎をかためつつ、本物の実力を養成することを目標に内容を構成しています。これにより一貫した流れでWebアプリケーション開発の真髄を学ぶことができます。図解をたくさん用意しましたので、これで直感的に楽しく理解も進むようになっています。","https://amzn.to/3Jw3JSP"
8,"https://m.media-amazon.com/images/I/51dqjMRTh3L._SX258_BO1,204,203,200_.jpg","新しいLinuxの教科書","MS-DOSを知らない世代のエンジニアに向けたLinux入門書の決定版。Linux自身の機能だけでなく、シェルスクリプトを使ったプログラミングや、Gitによるソフトウェア開発のバージョン管理など、イマドキのエンジニアなら知っておくべき知識についても、丁寧に解説しました!!","https://amzn.to/3JuAr7k"
9,"https://m.media-amazon.com/images/I/51F-XAQ7V6L.jpg","現場で役立つシステム設計の原則 〜変更を楽で安全にするオブジェクト指向の実践技法","「ソースがごちゃごちゃしていて，どこに何が書いてあるのか理解するまでがたいへん」「1つの修正のために，あっちもこっちも書きなおす必要がある」「ちょっとした変更のはずが，本来はありえない場所にまで影響して，大幅なやり直しになってしまった」といったトラブルが起こるのは，ソフトウェアの設計に問題があるから。日本最大級となる60万件以上の求人情報サイト「イーキャリアJobSearch」の主任設計者であり，システム設計のベテランである著者が，コードの具体例を示しながら，良い設計のやり方と考え方を解説します。","https://amzn.to/3Ff31XE"
10,"https://m.media-amazon.com/images/I/51bTdfRgZOL.jpg","プリンシプル オブ プログラミング 3年目までに身につけたい 一生役立つ101の原理原則","一通りプログラミングができるようになった。しかし、読みにくい、遅い、頻繁にエラーが発生する、書いたコードを修正すると動かなくなる等々、なかなか「よいコード」を書けないとお悩みではありませんか？ 本書は、よいコードを書く上で指針となる前提・原則・思想、つまり「プリンシプル」を解説するプログラミングスキル改善書です。初心者向けの書籍では絶対に説明しない、古今東西のプログラマーの知恵をこの一冊に凝縮しました！","https://amzn.to/3YExEg7"
11,"https://m.media-amazon.com/images/I/51QggxFUH7L._SY344_BO1,204,203,200_.jpg","スッキリわかるSQL入門 第3版 ドリル256問付き! (スッキリわかる入門シリーズ)","スッキリわかる入門シリーズは、10周年を迎え、姉妹書7冊の累計部数は60万部を突破する、プログラミング入門書の大人気シリーズとなっています。SQLの入門書において、発売から数年で不動の定番テキストとなりましたが、最新の情報を取り入れて内容を更新しながら、改訂を重ねています。","https://amzn.to/3ZDnAoJ"
12,"https://m.media-amazon.com/images/I/51OSBZvAxGL._SY344_BO1,204,203,200_.jpg","Webを支える技術 -HTTP、URI、HTML、そしてREST","Webは誕生から20年で爆発的な普及を果たし,17億人のユーザと2億台のサーバを抱える巨大システムへと成長しました。Webがここまで成功した秘密は,その設計思想,いわゆるアーキテクチャにあります。Webのアーキテクチャ,そしてHTTP,URI,HTMLといったWebを支える技術は,Webがどんなに巨大化しても対応できるように設計されていたのです。","https://amzn.to/3yxrlAe"
13,"https://m.media-amazon.com/images/I/51l0xAHmzZL._SY344_BO1,204,203,200_.jpg","イラスト図解式 この一冊で全部わかるWeb技術の基本","Webの全体像から、HTTPでやりとりする仕組み、さまざまなデータ形式、Webアプリケーションの開発、セキュリティ、システムの構築・運用まで、これからWebにかかわる人が知っておきたい知識をこの一冊で丸ごと解説!","https://amzn.to/3JuBR1E"
14,"https://m.media-amazon.com/images/I/511cEpHSwrL._SY344_BO1,204,203,200_.jpg","AWS認定資格試験テキスト AWS認定ソリューションアーキテクト - アソシエイト 改訂第2版","WSを使って安全で堅牢なアプリケーションの設計およびデプロイできる知識をもっているかを証明するのが、「AWS認定 ソリューションアーキテクト - アソシエイト」試験です。本書は、2020年に改訂された新しい「SAA-C02」試験に対応した改訂を行った試験対策教科書です。合格に必要な「レジリエントアーキテクチャの設計」「高パフォーマンスアーキテクチャの設計 」「セキュアなアプリケーションとアーキテクチャの設計」「コスト最適化アーキテクチャの設計」といったカテゴリの知識を、しっかり丁寧に解説しています。","https://amzn.to/3yw4s01"
15,"https://m.media-amazon.com/images/I/41qHKrFZi0L._SX389_BO1,204,203,200_.jpg","SQLアンチパターン","本書はDB設計やSQL記述の際に避けるべき事柄を1章で1つ、25個紹介する書籍です。リレーショナルデータベースを中心に据えたシステム開発には、様々な場面で陥りやすい失敗（アンチパターン）があります。本書はデータベース論理設計、データベース物理設計、クエリの記述、アプリケーション開発という4つのカテゴリに分かれて、それぞれの分野におけるアンチパターンを紹介し、失敗を避けるためのより良い方法を紹介します。","https://amzn.to/3Jwzco5"
16,"https://m.media-amazon.com/images/I/41WBMf7zcML.jpg","体系的に学ぶ 安全なWebアプリケーションの作り方 第2版［固定版］脆弱性が生まれる原理と対策の実践","Webアプリケーションにはなぜ脆弱性が生まれるのか？脆弱性を解消するにはどうプログラミングすればよいか？PHPサンプルへの攻撃を通して脆弱性が生まれる原理と具体的な対処方法が学べる！","https://amzn.to/3ZGAPoI"
17,"https://m.media-amazon.com/images/I/41zp6hN7f+L._SX258_BO1,204,203,200_.jpg","Kaggleで勝つデータ分析の技術","データサイエンスの認知の高まりとともに、データ分析に関するコンペティションが多数開催されるようになってきました。最も有名なコンペティションプラットフォームであるKaggleにおけるプレイヤー数は10万人を超え、多くのエンジニアが自分の腕を試すためにコンペティションに参加しています。分析コンペでは、実際のデータを扱うため、機械学習の解説書にはあまり載っていないような手法やテクニックが数多く活用されています。これらを理解し自身で使えるようにしておくことはコンペだけでなく、実務でのモデル構築において非常に役に立ちます。","https://amzn.to/3ZTL6xA"
18,"https://m.media-amazon.com/images/I/51+F0cSeYvL._SX258_BO1,204,203,200_.jpg","つくりながら学ぶ! PyTorchによる発展ディープラーニング","本書ではディープラーニングの発展・応用手法を実装しながら学習していきます。ディープラーニングの実装パッケージとしてPyTorchを利用します。扱うタスク内容とディープラーニングモデルは次の通りで「ビジネスの現場でディープラーニングを活用するためにも実装経験を積んでおきたいタスク」という観点で選定しました。","https://amzn.to/3l4aoKG"
19,"https://m.media-amazon.com/images/I/51sEua-+ejL._SY344_BO1,204,203,200_.jpg","エンジニアのためのマネジメントキャリアパス ―テックリードからCTOまでマネジメントスキル向上ガイド","本書は、技術系マネージャーとそれを目指すエンジニアに向けて、IT業界の管理職に求められるスキルを解説する書籍です。テックリードからCTOになった経験を持つ著者が、管理職についたエンジニアが歩むキャリアパスについて段階をおって紹介します。","https://amzn.to/3JwS9Hd"
20,"https://m.media-amazon.com/images/I/51IxleJF-FL._SX391_BO1,204,203,200_.jpg","1冊ですべて身につくHTML & CSSとWebデザイン入門講座","今のWebサイトの作り方が一気に学べる！・知識ゼロから体系的に学べる！HTMLとCSSの基本・最新の技術に対応！レスポンシブ、Flexbox、CSSグリッド・手を動かしながら学べる！プロの現場で役立つテクニック・コードの知識からデザインのことまで1冊ですべて学べる！WebクリエイターボックスのManaが教える。Webサイト制作の定番＆旬のスキル。この1冊で必要なことがすべて学べる！","https://amzn.to/3ywbHp2"
21,"https://m.media-amazon.com/images/I/51Q+KKW3EyL._SX394_BO1,204,203,200_.jpg","問題解決のための「アルゴリズム×数学」が基礎からしっかり身につく本","アルゴリズムは、プログラミングを用いて問題を解決していくには欠かせない大切な道具です。一方、アルゴリズムを理解し、そして応用できるようになるためには、ある程度の数学的知識と数学的考察力も大切です。本書では、中学レベル~大学教養レベルの数学的知識のうちアルゴリズム学習に必要なものについて扱うとともに、有名なアルゴリズムと典型的な数学的考察について丁寧に解説します。さらに、知識をしっかり身に付けるための例題・演習問題が全200問掲載されています。","https://amzn.to/3LdFVVh"
22,"https://m.media-amazon.com/images/I/41yIkXVaTxL.jpg","コンサル一年目が学ぶこと","本書は、コンサルタンティング会社に勤める人のためだけの本ではありません。職業・業界を問わず、 15年後にも役立つ普遍的なスキルを、社会人一年目で学んだときの基礎的なレベルから理解するための本です。","https://amzn.to/3ZVUPna"
23,"https://m.media-amazon.com/images/I/417gFPF5omL._SX350_BO1,204,203,200_.jpg","オブジェクト指向UIデザイン──使いやすいソフトウェアの原理","オブジェクト指向ユーザーインターフェース(OOUI)とは、オブジェクト(もの、名詞)を起点としてUIを設計すること。タスク(やること、動詞)を起点としたUIに比べて、画面数が減って作業効率が高まり、また開発効率や拡張性も向上する、いわば「銀の弾丸」的な効果を持つ。ブログや雑誌記事などで大きな反響を得たこの設計手法について、前半部では理論やプロセスを詳説。そして後半部の「ワークアウト(実践演習)」では18の課題に読者がチャレンジ。実際に考え、手を動かし、試行錯誤をすることにより、OOUIの設計手法を体得できる。","https://amzn.to/3YB7Cdv"
24,"https://m.media-amazon.com/images/I/41SlY0zvpKL._SY344_BO1,204,203,200_.jpg","Team Geek ―Googleのギークたちはいかにしてチームを作るのか","複数のプログラマが関わる場合、優れたコードを書くだけではプロジェクトは成功しません。全員が最終目標に向かって協力することが重要であり、チームの協力関係はプロジェクト成功のカギとなります。本書は、Subversionをはじめ、たくさんのフリーソフトウェア開発に関わり、その後Googleでプログラマを経てリーダーを務めるようになった著者が、「エンジニアが他人とうまくやる」コツを紹介。「チームを作る三本柱」や「チーム文化のつくり方」から「有害な人への対処法」まで、エンジニアに求められる社会性について楽しい逸話とともに解説します。","https://amzn.to/3mMOqMZ"
25,"https://m.media-amazon.com/images/I/51j0YP8UrAL._SX394_BO1,204,203,200_.jpg","TypeScriptとReact/Next.jsでつくる実践Webアプリケーション開発","新しいフロントエンドの入門書決定版!本書はReact/Next.jsとTypeScriptを用いてWebアプリケーションを開発する入門書です。Next.jsは高速さに裏付けされた高いUXと、開発しやすさを両立しているWebアプリケーションフレームワークです。開発をより快適・堅牢にするTypeScriptを用いて、Next.jsの基礎、最新フロントエンドやWebアプリケーションの開発方法が学べます。","https://amzn.to/3JxH34I"
26,"https://m.media-amazon.com/images/I/51tDpXBLD7L.jpg","改訂新版JavaScript本格入門 ～モダンスタイルによる基礎から現場での応用まで","「ECMAScript 2015」によって，いっそう進化をつづけるJavaScriptの新記法はもちろんのこと，基本からオブジェクト指向構文，Ajax，クライアントサイド開発まで，そしてテスト，ドキュメンテーション，コーディング規約など，現場で避けられない知識もしっかり押さえました。これからのJavaScript開発者必携の1冊です。","https://amzn.to/3JxQmBJ"
27,"https://m.media-amazon.com/images/I/512H1E9ARDL._SY344_BO1,204,203,200_.jpg","統計学入門 (基礎統計学Ⅰ) ","文科と理科両方の学生のために、統計的なものの考え方の基礎をやさしく解説するとともに、統計学の体系的な知識を与えるように、編集・執筆された。豊富な実際例を用いつつ、図表を多くとり入れ、視覚的にもわかりやすく親しみながら学べるよう配慮した。","https://amzn.to/3LjgHVC"
28,"https://m.media-amazon.com/images/I/51mQrYTahJL._SX260_.jpg","Clean Architecture 達人に学ぶソフトウェアの構造と設計 (アスキードワンゴ)","書いているコードが変わらないのだから、どんな種類のシステムでもソフトウェアアーキテクチャのルールは同じ。ソフトウェアアーキテクチャのルールとは、プログラムの構成要素をどのように組み立てるかのルールである。構成要素は普遍的で変わらないのだから、それらを組み立てるルールもまた、普遍的で変わらないのである。（本書「序文」より）","https://amzn.to/401vqIU"
29,"https://m.media-amazon.com/images/I/41cBKEBEYyL._SX389_BO1,204,203,200_.jpg","実用 Go言語 ―システム開発の現場で知っておきたいアドバイス","業務プログラミングの現場でも採用されるようになってきたGo言語。文法はシンプルで学びやすいという特徴を持っていますが、複雑な要件を実現するには、プログラミング言語が提供する構成要素(文法やライブラリ)をさまざまに組み合わせる必要があります。本書は、そんなGoを使う上でのポイントを単なる文法詳解ではなく「よりGoらしく書くには」「実用的なアプリケーションを書くには」といった観点から紹介します。","https://amzn.to/3T8KfHe"
30,"https://m.media-amazon.com/images/I/31to4r-NvQL._SX350_BO1,204,203,200_.jpg","リーダーの作法 ―ささいなことをていねいに","リーダーシップは一部の人だけに与えられる天職であり、複雑で膨大なリーダーシップの哲学を実践しなければならないと思われがちですが、そんなことはありません。ささいな行動を日々繰り返すことで、お互いを尊敬し、信頼し合うチームを作ることができます。Netscapeでマネージャー、Appleでディレクター、Slackでエグゼクティブを経験した著者が、それぞれの立場のリーダーに必要な振る舞いを30のエッセイで紹介します。1on1での傾聴、信頼関係の築き方、仕事の任せ方、メンバーのほめ方、チーム内のうわさ話への対応、組織の文化の作り方など、マネジメントの場面で出会うさまざまなテーマをとりあげ、リーダーとしての具体的な行動や考え方を解説します。","https://amzn.to/3LhlaI9"
31,"https://m.media-amazon.com/images/I/4113eD01v2L._SX258_BO1,204,203,200_.jpg","Googleのソフトウェアエンジニアリング ―持続可能なプログラミングを支える技術、文化、プロセス","Googleの現役ソフトウェアエンジニアたちが、超大規模ソフトウェアの開発と保守を長期的に支えてきたGoogle社内の多様なベストプラクティスを、文化、プロセス、ツールの側面からこの一冊に凝縮。時間と変化、規模と成長、トレードオフとコストという3つの基本原理に沿って、コードを持続可能にする方法論を紐解きます。「謙虚、尊敬、信頼」、心理的安全性、ダイバーシティとインクルージョンなど公正を重んじる文化から、コードレビューやテスト構成法など人間の行動を規定するプロセス、継続的インテグレーションや大規模変更システムなど変化への対応を支援する自動化ツールの基盤技術まで、Googleが試行錯誤を経て獲得した教訓を余すところなく紹介しています。","https://amzn.to/3lctka3"
32,"https://m.media-amazon.com/images/I/51mllWSxrpL._SX389_BO1,204,203,200_.jpg","エンジニアリングマネージャーのしごと ―チームが必要とするマネージャーになる方法","本書は、エンジニアリングチームのマネジメントの仕事全般を紹介し、エンジニアリングマネージャーに必要な考え方やスキルを解説します。はじめに、自分の役割と組織のさまざまな部分がどう関係するかを理解し、習慣を整えることで自分自身を管理することを学びます。そして、日々のマネジメント業務で必要なツールとプロセスを紹介し、スタッフとの関係性の構築、モチベーションの理解、評価や採用などを解説します。さらに社内政治や難しい状況での判断、その後のキャリアについて説明します。","https://amzn.to/3l0qwgt"
33,"https://m.media-amazon.com/images/I/41k6HyeHPPL._SY344_BO1,204,203,200_.jpg","なるほどデザイン〈目で見て楽しむ新しいデザインの本。〉","「デザイン＝楽しい」を実感できる新しいデザイン書籍。デザインする上で必要な基礎、概念、ルール、プロセスを図解やイラスト、写真などのビジュアルで解説しています。現場で活躍しているデザイナーが身近にあるわかりやすいものに例えたり、図解、イラスト、別のものに置き換えて見方を変えてみたり…豊富なビジュアルとともにわかりやすくひも解いた、楽しみながらデザインのあれこれがわかる「なるほど！」と思える内容が盛りだくさんです！","https://amzn.to/3JxIiAU"
34,"https://m.media-amazon.com/images/I/51f9cZVWN5L._SX394_BO1,204,203,200_.jpg","OpenCVではじめよう ディープラーニングによる画像認識","OpenCVはコンピュータビジョン分野でもっとも利用されているオープンソースフレームワークです。近年の人工知能ブームに呼応する形で機械学習やディープラーニングAPIが強化され、物体の名称と位置を認識するオブジェクト検出(Object Detection)といったタスクも容易に扱えるようになりました。とはいえ、画像認識タスクがすべてディープラーニングによる手法に置き換わるわけではありません。これまでに培った手法を選択した方が堅実な場面もあるため、本書では現時点で重要とされる画像処理手法を整理します。OpenCVの基礎的な解説からはじめ、dnnモジュールを用いたディープラーニングによる画像認識についても解説していきます。","https://amzn.to/3yxKbHA"
35,"https://m.media-amazon.com/images/I/513kY6L-3yL.jpg","エンジニアリング組織論への招待 ～不確実性に向き合う思考と組織のリファクタリング","「コミュニケーションにおける不確実性を減らすには？」「技術的負債を解消する方法とは？」「経営陣とエンジニア間の認識のずれを解消するには？」エンジニアリングにおける課題を解決する思考の整理方法やメンタリング手法を，さまざまな企業の技術組織アドバイザリーを務めている著者が解説。若手を戦力として育て上げ，成長する組織を設計・運営するためにおすすめの1冊です。","https://amzn.to/3laJ51l"
36,"https://m.media-amazon.com/images/I/51d1HhG4tzL._SX389_BO1,204,203,200_.jpg","ソフトウェアアーキテクチャの基礎 ―エンジニアリングに基づく体系的アプローチ","ソフトウェアアーキテクチャとは、ソフトウェアシステムの成功に欠かせない重要な土台です。そのためソフトウェア開発者には、効果的なアーキテクチャを実現するスキルが求められます。本書は、そうした効果的なアーキテクチャを設計、構築、維持するアーキテクトになるために必要なスキルや知識を、現代的な視点から整理して包括的に解説する書籍です。ソフトウェアアーキテクチャの定義から、アーキテクトの役割、モジュールや結合、アーキテクチャスタイルといったアーキテクチャ設計の基礎、チームやステークホルダーと効果的にコラボレーションしていくために必要なソフトスキルまで、さまざまなトピックについて実践的な例とともに説明します。","https://amzn.to/42605Gv"
37,"https://m.media-amazon.com/images/I/518ME653H3L._SY291_BO1,204,203,200_QL40_ML2_.jpg","UNIXという考え方―その設計思想と哲学","本書で述べられているUNIXの発想のひとつとして「過度の対話式インタフェースを避ける」というものがある。UNIXのシステムは初心者には「不親切」なつくり、つまり親切な対話式のインタフェースはほとんどなく、ユーザーがコマンドを実行しようとするときはオプションをつける形をとっている。この形式はオプションをいちいち覚えねばならず、初心者に決してやさしくない。しかしこれはプログラムを小さく単純なものにし、他のプログラムとの結合性を高くする。そして結果としてUNIXのスケーラビリティと移植性の高さを支えることになっているのだ。このような形式で本書では9つの定理と10の小定理を掲げ、UNIXが何を重視し、何を犠牲にしてきたのかを明快に解説している。","https://amzn.to/3ToknHH"
38,"https://m.media-amazon.com/images/I/41Aa3C05e4L._SX258_BO1,204,203,200_.jpg","システム運用アンチパターン ―エンジニアがDevOpsで解決する組織・自動化・コミュニケーション","上層部がDevOpsに理解のない組織で働き、組織構造を変える権限を持っていない開発者であっても、チームにDevOpsを導入するための現実的な方法を紹介します。重厚な承認プロセス、可視化されていない運用、プロセスの最後でのみ行われるソフトウェアテスト、ノイズだらけのアラート、インシデントから学習しない習慣、時間外のデプロイ、情報のため込みなどを取り上げ、ソフトウェアシステムの開発運用が滞るチームや組織に共通してみられる陥りがちな状況や犯しがちな間違いをアンチパターンとして紹介します。そして管理職やマネージャでなく、エンジニアが実行し、繰り返すことで改善できる具体的な行動を解説します。","https://amzn.to/3yysLdM"
39,"https://m.media-amazon.com/images/I/41LHdQuWVcL._SX394_BO1,204,203,200_.jpg","プロを目指す人のためのRuby入門[改訂2版] 言語仕様からテスト駆動開発・デバッグ技法まで","本書は、プログラミング言語Rubyの言語仕様や開発の現場で役立つRubyの知識を説明した本です。豊富なサンプルコードで文法を学び、例題でプログラミングの流れを体験できます。第1版(2017年11月発行)は、初心者の目線にたった丁寧な解説が好評で多くのRuby初学者に愛読され、いまやRuby入門書の定番とも言える存在です。2020年末のRuby 3.0のリリースに伴い、全章にわたって記述内容を見直し、Ruby 3.0までの変更点や新機能に合わせて加筆・修正を行いました。また、第1版にて読者から「難しい、わかりづらい」という声の多かったトピックの説明を改善するなど、より初心者に親切な内容に刷新しています。","https://amzn.to/3ZY7Lsx"
40,"https://m.media-amazon.com/images/I/41fQf8MI9AL._SY291_BO1,204,203,200_QL40_ML2_.jpg","マスタリングTCP/IP―入門編―(第6版)","TCP/IP解説書の決定版! 時代の変化によるトピックを加え内容を刷新!本書は、ベストセラーの『マスタリングTCP/IP 入門編』を時代の変化に即したトピックを加え、内容を刷新した第6版として発行するものです。豊富な脚注と図版・イラストを用いたわかりやすい解説により、TCP/IPの基本をしっかりと学ぶことができます。プロトコル、インターネット、ネットワークについての理解を深める最初の一歩として活用ください。","https://amzn.to/3YEQp2P"
41,"https://m.media-amazon.com/images/I/51sVoe5DHyL._SY344_BO1,204,203,200_.jpg","[増補改訂第3版]Swift実践入門 ── 直感的な文法と安全性を兼ね備えた言語 (WEB+DB PRESS plusシリーズ)","本書は、Swiftの言語仕様と実践的な利用方法を解説した入門書です。増補改訂第3版では、新バージョンのSwift 5に対応し、実践入門という趣旨に合わせて、第16章「Webサービスとの連携」と第17章「ユニットテスト」を新設しました。","https://amzn.to/404s9sh"
42,"https://m.media-amazon.com/images/I/51vxPGkskeL._SX387_BO1,204,203,200_.jpg","競技プログラミングの鉄則 ~アルゴリズム力と思考力を高める77の技術~","競技プログラミング（競プロ）は、問題を解くことでプログラミング能力を競う大会です。本書では、競プロで必要なアルゴリズム・データ構造・考察テクニックを丁寧に解説します。さらに、知識を定着させるための例題・演習問題が150問以上掲載されています。本書は、競プロのコンテストで勝ちたい、アルゴリズムを本格的に学びたい、技術力向上に繋げたいなど、様々な目的で利用できるものとなっています。","https://amzn.to/3ysGmU9"
43,"https://m.media-amazon.com/images/I/51flKufOVUL._SY344_BO1,204,203,200_.jpg","アジャイルサムライ−達人開発者への道−","マスターセンセイと学ぶアジャイル開発の道。動くソフトウェアを素早く開発するための「アジャイルソフトウェア開発手法」を、実際に導入するにはどうすればよいかを、豊富な図を使い親しみやすい言葉で解説しています。経験豊かな著者が具体的なノウハウをまとめた本書は、アジャイル開発を導入したいと考えている組織や人のための「現場のマニュアル」として役立ってくれることでしょう。","https://amzn.to/3Fg8ZHM"
44,"https://m.media-amazon.com/images/I/51va-3sED3L._SY346_.jpg","達人に学ぶSQL徹底指南書 第2版 初級者で終わりたくないあなたへ","SQLを扱うエンジニア必携のロングセラー、10年ぶりの改訂！――SQLの正しい書き方・考え方が学べる本 開発者のためのWebマガジン「CodeZine」の人気連載を大幅加筆・修正して2008年に刊行、好評を博した『達人に学ぶSQL徹底指南書』の改訂・第2版です。第2版では、初版構成を生かしつつ、SQLの強力な機能ウインドウ関数を全面的に採用して多くのコードをリバイスしました。全体的な解説の見直しや最新化も行ない、CASE式、ウィンドウ関数、外部結合、HAVING句、EXISTS述語など、SQLを扱うエンジニアに必要な「正しい書き方・考え方」「ビッグデータ時代に対応したモダンなSQL機能を駆使した書き方」を徹底解説しています。","https://amzn.to/3mNPsYM"
45,"https://m.media-amazon.com/images/I/31818M220JL._SY344_BO1,204,203,200_.jpg","理科系の作文技術","調査報告、出張報告、技術報告、研究計画の申請書など、好むと好まざるとにかかわらず、書かなければならない書類は多い。このような書類を書く際にまず考えるべきことは、それを読むのは誰で、その文章から何を知りたいと思っているかである。それに応じて自分は何について書くか主題を決め、最終的にこういう主張をする、という目標を定めて書き始める。著者はまず、この目標を1つの文にまとめた目標規定文を書くことを勧める。そうすることで明確な目標意識を持つことができ、主張の一貫した文章を書くことができるというわけである。そしてその目標をにらみながら材料をメモし、序論、本論、結論といった原則に従って記述の順序や文章の組み立てを考え、すっきりと筋の通った形にしていく。本書では本論の叙述の順序、論理展開の順序、パラグラフの立て方から文の構造までを解説し、日本人に特有の明言を避ける傾向と対策、事実と意見の書き分けについても触れている。","https://amzn.to/3JbyV8F"
46,"https://m.media-amazon.com/images/I/41+4LYE83XL._SX258_BO1,204,203,200_.jpg","リファクタリング(第2版): 既存のコードを安全に改善する","ソフトウェア開発の名著、第2版登場!リファクタリングは、ソフトウェアの外部的な振る舞いを保ったままで、内部の構造を改善する作業を指します。本書はリファクタリングのガイドブックであり、リファクタリングとは何か、なぜリファクタリングをすべきか、どこを改善すべきか、実際の事例で構成され、ソフトウェア開発者にとって非常に役立つものとなっています。本第2版では、約20年前のオリジナル原稿の構成は変わらないものの、大幅に書き換えられているほか、サンプルコードがJavaからJava Scriptになるなど、現代的にアレンジされています。","https://amzn.to/3FifY3b"
47,"https://m.media-amazon.com/images/I/51OK2x1LvbL._SX348_BO1,204,203,200_.jpg","問題解決力を鍛える!アルゴリズムとデータ構造 (KS情報科学専門書)","プログラムが「書ける」ことと、効率の良い結果を得ることには大分ギャップがある。本書は、どのようにすれば効率のよい結果が得られるか? すなわちどのようなアルゴリズムを採用すればよいか? という点に対して、幅広くかつ明快に解説している。また本書は、アルゴリズム初心者に対して、アルゴリズムへの興味を惹かれるように記述されている。アルゴリズム上級者への初めの一歩には最適であろう。","https://amzn.to/426hxe1"
48,"https://m.media-amazon.com/images/I/51+kh2I4wYL._SY344_BO1,204,203,200_.jpg","異常検知と変化検知 (機械学習プロフェッショナルシリーズ)","企業所属の著者が、データ解析に携わる人の視点でまとめた。必要な理論を幅広く、体系的に述べる。大規模データから「珍しいパターン」を見出す、あるいは変化の「兆し」を素早くつかむ必要がある人なら必読。するする読めて、ずっと使える1冊。現在知られている異常検知・変化検知の手法の大半をカバーした。企業所属の著者が、データ解析に携わる人の視点でまとめた。必要な理論を幅広く、体系的に述べる。大規模データから「珍しいパターン」を見出す、あるいは変化の「兆し」を素早くつかむ必要がある人なら必読。","https://amzn.to/3T7HRQS"
49,"https://m.media-amazon.com/images/I/51hsd-b1RTL._SY291_BO1,204,203,200_QL40_ML2_.jpg","テスト駆動開発","本書は、自分たちのコードに自信を持って開発を続けたいプログラマ、チームリーダー向けに、テスト駆動開発(TDD)の実践方法を解説した“Test-Driven Development By Example"の日本語版です。テスト駆動開発の考案者であるKent Beck自身によって書かれた原典を、日本におけるテスト駆動開発の第一人者である和田卓人氏が訳しました。","https://amzn.to/3ZDEZha"
50,"https://m.media-amazon.com/images/I/51FdJMD2ETL._SY344_BO1,204,203,200_.jpg","知識ゼロから学ぶソフトウェアテスト 【改訂版】","テスト技術者必読のロングセラーが8年振りにリニューアル登場! エンジニアとしての心得やソフトウェアテストにできること、できないこと、など初心者がまず知っておかなければならない事柄にはじまり、必ず実施される各種テスト手法の基礎とポイント、アジャイルなど新しい開発手法に対応したテストの考え方など、テスト技術者にとって不可欠な知識と情報を、親しみやすい記述や例示でわかりやすく解説した1冊です","https://amzn.to/3ZBVRoy"
51,"https://m.media-amazon.com/images/I/51OK2x1LvbL._SY291_BO1,204,203,200_QL40_ML2_.jpg","問題解決力を鍛える!アルゴリズムとデータ構造 (KS情報科学専門書)","競技プログラミング経験が豊富な著者が、「アルゴリズムを自分の道具としたい」という読者に向けて執筆。入門書を標榜しながら、AtCoderの例題、C++のコードが充実。入門書であり実践書でもある、生涯役立つテキストを目指した。","https://amzn.to/422Kmbj"
52,"https://m.media-amazon.com/images/I/51zLbOzs2dL._SY344_BO1,204,203,200_.jpg","スッキリわかるJava入門 第3版 (スッキリわかる入門シリーズ)","従来の入門書は、先生が生徒が一方的に話し続けるようなスタイルで構成されているモノが多く、それらは途中初学者が思い浮かべる「なぜ? 」「どうして? 」を置き去りにしたまま次の解説に移っていくため、理解がなかなか進まず多くの挫折を生み出してきました。本書は、初学者がよくつまずくポイントや疑問点に対して、著者が、実際に手がけた開発プロジェクト現場での体験や、多くの生徒を指南してきた研修での講師経験をもとに、いろいろな角度から具体的で的確なアドバイスを行っているため、まだ腑に落ちていないのに勝手にストーリーが進むということがなく、一歩一歩着実に理解を深めて、無駄なく短期間で知識を習得できる構成になっています。","https://amzn.to/426rWq5"
53,"https://m.media-amazon.com/images/I/51Sang1B+pL._SY344_BO1,204,203,200_.jpg","AWSではじめるデータレイク: クラウドによる統合型データリポジトリ構築入門","「データレイク」は、大量データ分析/生成データの活用を視野に入れた新しいデータストアのかたちです。従来のデータベース/データウェアハウスの範囲に収まらない多様なデータを大量に保管し、高度な統計分析や機械学習に役立つ情報基盤を作ることが可能です。本書ではデータレイクの概念や特徴、必要とされる機能などを基本から解説し、さらにAmazonが運営するパブリッククラウドサービスAWS(Amazon Web Services)で実現する方法を解説します。","https://amzn.to/3Td7dNl"
54,"https://m.media-amazon.com/images/I/51cRxtwo7IL._SX389_BO1,204,203,200_.jpg","詳説 正規表現 第3版","「正規表現がこれだけ多種多様な言語やアプリケーションに取り入れられているのは、立派な理由があるからだ。正規表現は非常に強力なのだ。(中略)正規表現を使えば、データを自由に操れるようになる。データをコントロールし、自分のための仕事をさせられるのである。正規表現をマスターすることは、自分のデータを支配することなのだ」(本書「はじめに」より)本書は正規表現の概念を詳細に解説し、言語やツールの実例を豊富に示しながら、正規表現への理解を深める解説書です。","https://amzn.to/3T8GjGo"
55,"https://m.media-amazon.com/images/I/51TVYJndNCL._SX388_BO1,204,203,200_.jpg","AWS Lambda実践ガイド 第2版","本書では、従来のシステムをLambdaで構築するときの設計手法や具体的な事例の作成を通じてLambdaでのプログラミング手法を解説します。第2版では、2022年の最新情報にアップデートし、SAM開発環境に対応しました。AWS Lambdaは、サーバーを必要としないプログラムの実行環境です。開発者が処理したい内容を小さな関数として実装すると、必要に応じて、それが実行される仕組みです。","https://amzn.to/427RSBE"
56,"https://m.media-amazon.com/images/I/41JLeLjY0lL.jpg","カイゼン・ジャーニー たった1人からはじめて、「越境」するチームをつくるまで","「日本の現場」に寄り添った、アジャイル開発の実践！現場のストーリーで、開発の神髄を学ぼう【本書の特徴】・現場のストーリーから、考え方とプラクティスを一緒に学べる・1人でも始められる業務改善の手法から、チームマネジメントの手法まで解説・日本の現場を前提にしているので、実践しやすい・アジャイルをこれから始める人だけでなく、もっとうまく実践したい人にも最適","https://amzn.to/3FiM1Qq"
57,"https://m.media-amazon.com/images/I/51E+hPktiQL._SX350_BO1,204,203,200_.jpg","ドメイン駆動設計入門 ボトムアップでわかる! ドメイン駆動設計の基本","本書は、『エリック・エヴァンスのドメイン駆動設計』(ISBN978-4-7981-2196-3、翔泳社)、『実践ドメイン駆動設計』(ISBN978-4-7981-3161-0、翔泳社)に感銘を受けた著者が贈る、ドメイン駆動設計の入門書です。","https://amzn.to/3ZRstKO"
58,"https://m.media-amazon.com/images/I/41Jlj3e0CDL._SY291_BO1,204,203,200_QL40_ML2_.jpg","入門 監視 ―モダンなモニタリングのためのデザインパターン","あなたのシステムはきちんと動いていると言えますか？本書は、システムのどの部分をどのように監視すべきか、また監視をどのように改善していくべきかについて解説する書籍です。前半で監視のベストプラクティス、デザインパターン／アンチパターンを示して、監視の基本原則を詳しく説明し、後半でフロントエンド、アプリケーション、サーバ、ネットワーク、セキュリティの各テーマで強力な監視の基盤を設計して実装するための方法を示します。","https://amzn.to/3JuDQmt"
59,"https://m.media-amazon.com/images/I/51wpYhLduAL._SY291_BO1,204,203,200_QL40_ML2_.jpg","アジャイルなチームをつくる ふりかえりガイドブック 始め方・ふりかえりの型・手法・マインドセット","本書はそんなチームのために、●「ふりかえりをなぜ行うのか」という目的●「どんなメリットがあるのか」という効果●「どのように行えばよいのか」という流れや手法、マインドセットなどについて、架空の開発現場を舞台にしたマンガとともに、一冊でわかりやすく解説します。また、読者が自分のチームですぐに実践できる ふりかえりの手法を多数紹介。","https://amzn.to/423HriF"
60,"https://m.media-amazon.com/images/I/41UGWMZuQRL.jpg","マネジメント","変化のときこそ、基本を確認しなければならない。ドラッカー経営学の集大成を1冊に凝縮。自らの指針とすべき役割・責任・行動を示し、新しい目的意識と使命感を与える書。","https://amzn.to/3Td1CH4"
61,"https://m.media-amazon.com/images/I/51Q8YejmO6L._SX338_BO1,204,203,200_.jpg","「説明が上手い人」がやっていることを1冊にまとめてみた","以下、著者の「ハック大学 ぺそ」が実際に試して「使えなかった説明法」です。●ロジカルトーキングで理路整然と伝える●相手に思いが伝わるように熱意を込める●必ず結論から端的に話す●相手の話を遮らないように相槌を打ち続ける●相手が理解しやすいようにまずは詳しい状況説明をする●上司が判断しやすいように起きたことを時系列で話す●モレがないように知っていることは全て話す●ビジネス用語や横文字を駆使してカッコよく説明する●指示する場合は「やること」だけを端的に伝える●有名経営者のような華麗なプレゼンで魅了するこの10個の「使えなかった説明法」、みなさんはどんな感想をお持ちでしょうか?","https://amzn.to/3Lg58OM"
62,"https://m.media-amazon.com/images/I/514ifs4Y5bL._SY344_BO1,204,203,200_.jpg","コンピュータシステムの理論と実装 ―モダンなコンピュータの作り方","コンピュータを理解するための最善の方法はゼロからコンピュータを作ることです。コンピュータの構成要素は、ハードウェア、ソフトウェア、コンパイラ、OSに大別できます。本書では、これらコンピュータの構成要素をひとつずつ組み立てます。具体的には、NANDという電子素子からスタートし、論理ゲート、加算器、CPUを設計します。そして、オペレーティングシステム、コンパイラ、バーチャルマシンなどを実装しコンピュータを完成させて、最後にその上でアプリケーション（テトリスなど）を動作させます。","https://amzn.to/3mFZBqt"
63,"https://m.media-amazon.com/images/I/51jRzpjTFZL._SX350_BO1,204,203,200_.jpg","Linux教科書 LPICレベル1 Version5.0対応","LPIC（Linux技術者認定）は、世界共通のIT資格として非常に人気の高い資格です。中でもレベル1は、グローバルなITエンジニアへの登竜門と位置付けられます。そのレベル1試験がVersion4.0から5.0にバージョンアップされました*。本書はこの新バージョン5.0に対応した学習書です。LPI-incの認定テキストとして出題範囲を万遍なくかつ分かりやすく解説するとともに、●「101試験」「102試験」の2試験に対応●章ごとに学習内容を確認するための練習問題を収録●本試験に向けての腕試しとして「101」「102」の模擬試験を各1回分収録●Linux実習環境を翔泳社Webサイトからダウンロード可といった特長を持ち、LPIC試験の対策書として、またLinuxの学習書としても有用な1冊です。","https://amzn.to/3ZDTDoE"
64,"https://m.media-amazon.com/images/I/51I6qY0nswL._SY344_BO1,204,203,200_.jpg","達人プログラマー(第2版): 熟達に向けたあなたの旅","より良いプログラマになるための実践的アプローチ本書は、Andrew Hunt and David Thomas、 The Pragmatic Programmer 20th Anniversary Edition (Addison Wesley、 2019)の日本語版です。本書は、より効率的、そしてより生産的なプログラマーになりたいと願うソフトウェア開発者に向けて、アジャイルソフトウェア開発手法の先駆者として知られる二人により執筆されました。経験を積み、生産性を高め、ソフトウェア開発の全体をより良く理解するための、実践的なアプローチが解説されています。先見性と普遍性に富んだ本書は、入門者には手引きとなり、ベテランでも読み直すたびに得るものがある、座右の一冊です。","https://amzn.to/3T6Diq9"
65,"https://m.media-amazon.com/images/I/51KHr6cffnL._SX387_BO1,204,203,200_.jpg","現場で使える Ruby on Rails 5速習実践ガイド","本書は、Ruby on Rails(以下Rails)を使ってWebアプリケーションを開発するための解説書です。RailsでどのようにWebアプリケーションを作るのかという基本的なところから、現場のニーズに合わせてどのように機能を追加していくのか、テストはどのように行うのか、複数人で開発していく場合の方法といった実践的なトピックまで、幅広くカバーしています。本書を読んだ方が単にRailsでWebアプリケーションを作れるようになるだけでなく、「Railsらしいアプリケーションコード」を書けるようになり、そして開発チームの仲間とともに実現したいことを実現できるように、という視点で必要な情報をまとめた1冊です。","https://amzn.to/427sv3e"
66,"https://m.media-amazon.com/images/I/51ROGENntsS._SY291_BO1,204,203,200_QL40_ML2_.jpg","オブジェクト指向でなぜつくるのか 第3版 知っておきたいOOP、設計、アジャイル開発の基礎知識","現在のソフトウエア開発技術の主役である、オブジェクト指向の全体像とそこに含まれる各技術を平易な文章で核心をズバリと解説します。生産性のかぎを握るプログラム開発の主要技術をわかりやすく教えるという位置づけは変わりません。そのうえで「今ドキのOOP」として人気言語(Java、Python、Ruby、JavaScript)の最新動向を新たに盛り込んでいます。もちろん、すべての文章を細かく見直して現況に沿うよう更新しています。","https://amzn.to/3T8QavP"
67,"https://m.media-amazon.com/images/I/512wqsxOrsL._SY291_BO1,204,203,200_QL40_ML2_.jpg","ゼロから作るDeep Learning ❷ ―自然言語処理編","コンピュータの専門書としては異例の大ヒットを記録した『ゼロから作るDeep Learning』の続編。第2弾の本書では、自然言語処理や時系列データ処理に焦点を当て、ディープラーニングを使ってさまざまな問題に挑みます。word2vecやRNN(リカレントニューラルネットワーク)、LSTMやGRU、seq2seqやAttention……ディープラーニングを支えるこれら最先端の技術を実装レベルでマスターできます。前作同様、やさしい言葉で分かりやすくをモットーに、高度に見える技術の裏側をじっくり説明し、実際に作ることで理解を深めます。最後までコンセプトは変わらない。ゼロから作る!","https://amzn.to/3JaCAnl"
68,"https://m.media-amazon.com/images/I/51Wj-FeLE2L._SY344_BO1,204,203,200_.jpg","スッキリわかるSQL入門 第2版 ドリル222問付き! (スッキリわかる入門シリーズ)","SQLの入門書において、発売から数年で不動の定番テキストとなった大人気SQL入門書に、最新のDBに対応した改訂版が登場!本書は豊富な図解とていねいな解説により、やさしく・楽しくデータベースとSQLを学習できる入門書です。姉妹書の『Java入門』と同じく、新人エンジニアたちの成長を傍らに、開発中に発生するSQLの「なぜ?」にしっかりと答えながら解説が進んでいきますので、データベースを仕事で使いこなすためのスキルが、スッキリ、楽しく、グングン身に付きます。","https://amzn.to/3Fhz4q4"
69,"https://m.media-amazon.com/images/I/61DioT3LXIL._SY344_BO1,204,203,200_.jpg","実践Terraform AWSにおけるシステム設計とベストプラクティス","本書は、Terraformを使ってAWS上にシステムを構築するノウハウを、200以上のサンプルコードとともに紹介する、Terraform初級者から中級者向け解説書です。ECS Fargateなどのマネージドサービスを中心にアーキテクチャ設計を行い、Terraformで実装します。サンプルコードはGitHubでも公開していますので、手を動かしながら一緒に学びましょう。","https://amzn.to/3yuIMBJ"
70,"https://m.media-amazon.com/images/I/51Xs3-gq+7L._SY344_BO1,204,203,200_.jpg","新装版「分かりやすい表現」の技術 意図を正しく伝えるための16のルール","マニュアルはなぜ分かりにくいのか?右か左か迷わせる交通標識。庶民には理解不能な法律条文。初心者にはチンプンカンプンのマニュアル。何が言いたいのか分からない上司の話……。世の中にあふれる「分かりにくい表現」の犯人をつきとめ、すっと分かってもらえる「情報発信のルール」を考える!","https://amzn.to/3JxUeCN"
71,"https://m.media-amazon.com/images/I/51Y2mtMUYwL._SX351_BO1,204,203,200_.jpg","レガシーコードからの脱却 ―ソフトウェアの寿命を延ばし価値を高める9つのプラクティス","レガシーコードとは、バグを多く含み、壊れやすく拡張が難しいコードを指します。このようなコードの保守と管理には多大な労力がつぎ込まれることになります。しかも一度作ってしまったレガシーコードの質を上げるには、初めから質の高いコードを作るよりも膨大なコストがかかります。本書では、ソフトウェア開発において、初めからレガシーコードを作りださないためのプラクティスを9つ挙げて解説します。","https://amzn.to/3ZEFcko"
72,"https://m.media-amazon.com/images/I/51ocIzW64NL._SX351_BO1,204,203,200_.jpg","アルゴリズム的思考力が身につく! プログラミングコンテストAtCoder入門","プログラマに必須のアルゴリズムの知識がAtCoderで楽しく身につく!AtCoder株式会社は、日本発のプログラミングコンテスト運営会社として2012年6月20日に設立され、年々活動の幅を拡げてきました。AtCoderの開催するコンテストは、「与えられた問題を解決するアルゴリズムを考え、それを正しく実装する」ことを競技化したものです。本書は「AtCoderでアルゴリズムを学びたい」「AtCoderのコンテストに参加したい」という方に向けたAtCoderの入門書です。コンテストで出題された過去問を用いて、問題の解き方を体系的に解説しました。一つ一つの問題を解説する際には、「なぜそのように考えるのか」が明快になるように心がけました。","https://amzn.to/3ZYnwQd"
73,"https://m.media-amazon.com/images/I/51CSommBZtL._SY291_BO1,204,203,200_QL40_ML2_.jpg","ビジネス数学の第一人者が教える 史上最高にわかりやすい説明術","特に若い世代には、説明することを苦手にしている人は少なくありません。たとえば「就活の面接でうまく自己PRできなかった」という就活生の方、これはつまり「自分のことなのに、うまく説明できなかった」ということです。なぜビジネス数学の第一人者が、「説明の講師」として最適なのか?誤解ないように申し上げますと、本書は「説明の仕方がわかる」本です。ビジネス数学ができるようになる本ではなく、そもそもほとんど数字は出てきません。","https://amzn.to/3FfweSc"
74,"https://m.media-amazon.com/images/I/51Jzquhz3tL._SX344_BO1,204,203,200_.jpg","相手の頭に「絵」が浮かぶように話しなさい 100%伝わる! 説明のコツ (PHP文庫)","「マシンガンのようにとめどなく話す」「単語を並べて淡々と話す」「相手を見ずに話し続ける」「1つのセンテンスが長い」「自分が伝えたいことだけにフォーカスしている」「具体例がなく抽象的に話す」……。これらはすべて、相手に言いたいことが伝わらない残念な話し方の特徴です。思い当たるところ、ありませんか?本書は、100万部突破の超ベストセラー『会話がとぎれない! 話し方66のルール』の著者が、自身の教室で5万人超の話し方を変えてきたその全ノウハウを徹底解説。","https://amzn.to/3yxvIeU"
75,"https://m.media-amazon.com/images/I/51CFEpdsRHL._SX258_BO1,204,203,200_.jpg","あてはめるだけで“すぐ"伝わる 説明組み立て図鑑","わかりやすく説明したくても、「何から説明し始めればいいかわからない……」「なぜか、結論ファーストで話しても上手くいかない……」と悩む人は必読!実は説明には、目的やシチュエーションに応じて最適な「型」がある。著者は500人以上の東大、2000人以上の医学部合格者を生んだ元・駿台予備学校、人気日本一のカリスマ講師。現在は東京大学大学院生として認知科学を研究する傍ら、企業の研修講師として登壇し、教育コンテンツのプロデュース業を請け負う会社を興した人物。その経験と知見をもとに、目的やシチュエーションに合わせた型にはめて、順番通りに話すだけでどんな人でも、「確実に伝わる」「相手を動かせる」「説得できる」「交渉がうまくいく」、そんな説明ができるようになる型を「80個」開発!!","https://amzn.to/41ZEfVn"
76,"https://m.media-amazon.com/images/I/51b7FaaOFHL._SY291_BO1,204,203,200_QL40_ML2_.jpg","一番伝わる説明の順番","本書は、戦略コンサルタントが教える「相手の頭の中を整理しながら伝える技術」です。「プレゼンテーションがうまくない」「何を言っているのかわからない」「いいたいことはわかるけど、わかりにくい」「いつも聞き直される」そういった経験はないでしょうか。そこで、話し方や話す内容を変えようとしたところでうまくいかない人が多いのです。「話し方」や「内容」を変えるのではなく、「どの順番で話すか」を変えるだけで、相手にもっと伝わるようになります。","https://amzn.to/3JdVXLY"
77,"https://m.media-amazon.com/images/I/41DicxAopNL._SY344_BO1,204,203,200_.jpg","社内プレゼンの資料作成術【完全版】","「社内プレゼン」は、ビジネスパーソンにとって必須のスキルです。どんなによいアイデアがあっても、組織的な「GOサイン」を得なければ一歩も前に進めることができません。そのためには、説得力のあるプレゼン資料を作成する技術が不可欠なのです。ところが、2015年に前田鎌利氏の『社内プレゼンの資料作成術』が刊行されるまで、「社内プレゼン」のノウハウを伝える書籍は皆無でした。前田氏は、ソフトバンク在籍時に孫正義氏から「一発OK」を連発し、孫氏のプレゼン資料の作成を任された人物。独立後、そのプレゼン・ノウハウは1000社を超える企業・団体で採用された、プレゼンの第一人者として高い評価を得ています。そして、同書は、「大事なプレゼンでOKを勝ち取ることができた」「プレゼンに対する苦手意識を克服できた」「効果的なプレゼン資料を短時間で作れるようになった」と、多くの読者の支持を集め、累計で19万部を超えるヒット作となりました。","https://amzn.to/3yvGeTB"
78,"https://m.media-amazon.com/images/I/51mV-6SeDxL._SY291_BO1,204,203,200_QL40_ML2_.jpg","世界で一番やさしい 資料作りの教科書","物語の主人公は、プレゼンがうまくいかずに悩む入社4年目女子の鈴川葵。社内のグダグダ会議を改革した葵は、あるプロジェクトチームのメンバーに大抜てき。そこで今度は「資料作り」を学び、社内のコミュニケーションを変えていくことになります。先輩、恋人からアドバイスや、コンサルタントの父が授けた「資料作りの7つのStep」「コミュニケーションの3つの作法」などを実践し、相手に自分の主張を伝える極意を身に付けていく葵。最後には大きなプレゼンテーションの舞台に立つことに--。","https://amzn.to/3ZYowUH"
79,"https://m.media-amazon.com/images/I/51hk+5bKNrL._SY344_BO1,204,203,200_.jpg","退屈なことはPythonにやらせよう ―ノンプログラマーにもできる自動化処理プログラミング","ファイル名の変更や表計算のデータ更新といった作業は、日々の仕事の中で頻繁に発生します。ひとつふたつ修正するだけであれば問題ないのですが、それが数十、数百となってくると手に負えません。そのような単純な繰り返し作業はコンピュータに肩代わりしてもらうとすごくラクになります。本書では、手作業だと膨大に時間がかかる処理を一瞬でこなすPython 3プログラムの作り方について学びます。対象読者はノンプログラマー。本書で基本をマスターすれば、プログラミング未経験者でも面倒な単純作業を苦もなくこなす便利なプログラムを作れるようになります。","https://amzn.to/3ZCcIrk"
80,"https://m.media-amazon.com/images/I/51F6w9FoosL._SX393_BO1,204,203,200_.jpg","1日1問、半年以内に習得 シェル・ワンライナー160本ノック (Software Design plusシリーズ)","シェルのワンライナー(その場かぎりの1行プログラム)は、LinuxやMacのコマンドラインインターフェースを立ち上げたら、すぐにプログラムを書いて即実行できます。ちょっとした作業を手っ取り早く片付けるのに向いています。大量のデータ処理、繰り返し処理ほどその効果は絶大です。本書は、そんなシェル・ワンライナーを身につけるためのトレーニング本です。大量の問題を繰り返し解くことで、実務でワンライナーを活用できるようになることを目指します。","https://amzn.to/3TbCsIF"
81,"https://m.media-amazon.com/images/I/51sLCPa8DBL._SX388_BO1,204,203,200_.jpg","Go言語でつくるインタプリタ","本書は、Go言語でプログラミング言語のインタプリタを作りながら、プログラミング言語とそのインタプリタについて学ぶ書籍です。順を追ってコードを示し、C言語風の構文を持つ言語「Monkeyプログラミング言語」のインタプリタを組み立てていきます。字句解析器、構文解析器、評価器を作りながら、ソースコードをトークン列に、トークン列を抽象構文木に変換し、その抽象構文木を評価し実行する方法を学びます。さらに、インタプリタに新しいデータ型を導入し、組み込み関数を追加して、言語を拡張していきます。付録では構文マクロシステムについても扱います。","https://amzn.to/3yucCWO"
82,"https://m.media-amazon.com/images/I/51Y38qQBfSL.jpg","はじめて学ぶソフトウェアのテスト技法","最少のテストケースで最大の効果をあげるためのツールを満載した、小さいけれどすごい本。同値クラステスト、境界値テスト、デシジョンテーブルテスト、直交表と全ペア技法、状態遷移テスト、ドメイン分析テスト、ユースケーステスト、制御フローテスト、データフローテストなど、テスト技法の必須項目を全て1冊に集約しています。平易で実践的な例題を使い、手順を1つ1つ追って説明しているので、新人プログラマや初級のテスト担当者のレベルアップに最適。もちろん、「いまさら人に聞けない」ベテラン技術者にもぜひお勧めです。","https://amzn.to/401nLKA"
83,"https://m.media-amazon.com/images/I/51QDhrqqEtL._SY346_.jpg","プログラマの数学 第2版","プログラミングに役立つ「数学的な考え方」を身につけよう。2005年の刊行以来、数学書として異例の大ロングセラーを続けている前著の改訂版です。プログラミングや数学に関心のある読者を対象に、プログラミング上達に役立つ「数学の考え方」をわかりやすく解説しています。数学的な知識を前提とせず、たくさんの図とパズルを通して、平易な文章で解き明かしています。改訂にあたっては、文章を全面的に見直すとと共に、現在の人工知能、ディープラーニングブームを踏まえて、付録「機械学習への第一歩」を加筆しています。この付録では、・機械学習とは・予測問題と分類問題・パーセプトロン・機械学習における「学習」・ニューラルネットワーク・人間は不要になるのかという項目について、ていねいに説明しています。","https://amzn.to/3FhfTwv"
84,"https://m.media-amazon.com/images/I/512GaA55o9S._SX218_BO1,204,203,200_QL40_ML2_.jpg","Reactハンズオンラーニング 第2版 ―Webアプリケーション開発のベストプラクティス","Facebookが開発したJavaScriptライブラリ「React」の解説書。2013年にオープンソース化されたReactですが、ここ数年で大きな変更が加えられ、またReactを取り巻くエコシステムも大きく変化しました。本書では実際に動くコンポーネントを作りながら、最新のReactの記法について解説しつつ、最新のツールやライブラリも紹介します。初心者から中上級者まで、Reactの今をすばやく学習することができます。","https://amzn.to/3yyQaf8"
85,"https://m.media-amazon.com/images/I/41oRHRM6B+L._SX258_BO1,204,203,200_.jpg","Kotlin サーバーサイドプログラミング実践開発","プログラミング言語「Kotlin」は、Android開発ではすでに広く知られていますが、JVM(Java仮想マシン)で動作するサーバーサイド開発での選択肢としても注目されている言語の一つです。本書はサーバーサイドの開発者を読者対象とし、Kotlinの基本構文とともに、Javaとの親和性が高いうえに、Javaよりも安全性が高く書きやすいと言われる理由を解説します(第1部)。そして実践的な内容としてSpring Bootを使い、データベースの検索系/更新系機能や認証/認可機能などを実装したWebアプリケーションを構築します(第2部)。加えて、従来型の案件だけでなく新規プロダクトへの足がかりにもなるよう、gRPCやKtorなどといった比較的新しい技術との組み合わせ方をフォローします(第3部)。「実践開発」という書名のとおり、プロダクトの開発でKotlinを導入する際に役立てられる内容です。","https://amzn.to/3LfUKqa"
86,"https://m.media-amazon.com/images/I/41X08M5EC2L._SX331_BO1,204,203,200_.jpg","チーズはどこへ消えた?","この小さな本が世界のビジネスマンを変えてゆく!迷路のなかに住む、2匹のネズミと2人の小人。彼らは迷路をさまよった末、チーズを発見する。チーズは、ただの食べ物ではなく、人生に おいて私たちが追い求めるもののシンボルである。ところがある日、そのチーズが消えた! ネズミたちは、本能のままにすぐさま新しいチーズを探しに飛び出していく。ところが小人たちは 、チーズが戻って来るかも知れないと無駄な期待をかけ、現状分析にうつつを抜かすばかり。しかし、やがて一人が新しいチーズを探しに 旅立つ決心を…。IBM、アップル・コンピュータ、メルセデス・ベンツ等、トップ企業が次々と社員教育に採用。単純なストーリーに託して、状況の変化にい ","https://amzn.to/3Tbdqt2"
87,"https://m.media-amazon.com/images/I/51zS8QNJtRL._SX389_BO1,204,203,200_.jpg","ハイパフォーマンスPython","Pythonの高速化技法について一歩踏み込んだプロユースの解説書。ボトルネックの測定方法から、最適なデータ構造の使い分け、CythonやPyPyなどのコンパイラの比較、numpyなどのパッケージの使い方、マルチコアCPUの活用法、メモリ効率を劇的に改善するトライ構造や近似計算まで、シンプルな実例プログラムを用いながらわかりやすく説明します。高性能なプログラムの書き方だけでなく、高性能なシステムの作り方を総合的に学ぶことができるPythonエキスパート必携の一冊です。","https://amzn.to/3J3gjYg"
88,"https://m.media-amazon.com/images/I/51iniLhnHoL._SX597_BO1,204,203,200_.jpg","実践Data Scienceシリーズ Pythonではじめるテキストアナリティクス入門 (KS情報科学専門書)","★基礎技術と分析アプローチがわかる入門書の決定版!★・「spaCy+GiNZA」による一気通貫の分析がすぐに実践できる・観光/金融・経済/ソーシャルメディアの分析事例をていねいに解説・つまずきやすい「環境構築」もしっかりサポート","https://amzn.to/424fRSs"
89,"https://m.media-amazon.com/images/I/51j6h2wu2oL._SY344_BO1,204,203,200_.jpg","最短コースでわかる PyTorch &深層学習プログラミング","人気のAIフレームワーク「PyTorch」で、ディープラーニングプログラミングができるようになる本です。ディープラーニングのアルゴリズムが原理からわかります。初心者でも他書に頼らず、本書1冊でマスターできます!","https://amzn.to/3l5CZ2e"
90,"https://m.media-amazon.com/images/I/51ygJJ0u5RL._SX385_BO1,204,203,200_.jpg","Amazon Web Services 基礎からのネットワーク&サーバー構築 改訂3版","「自分でネットワークやサーバーを構築できるようになる」。これが本書の目的です。新しいものを学習するとき、実際にやってみるのが一番。従来は物理機器がないと学べませんでしたが、今はクラウドがあります。本書は、代表的なクラウドサービス「Amazon Web Services」を実機代わりにネットワークを学び直す、をコンセプトにまとめた1冊です。インフラを学びたい若手技術者にも、インフラを学び直したいアプリ開発者にもオススメです。","https://amzn.to/3l80esA"
91,"https://m.media-amazon.com/images/I/51itvExWFlL._SY291_BO1,204,203,200_QL40_ML2_.jpg","イラスト図解式 この一冊で全部わかるネットワークの基本","TCP/IP、LANの基礎から、企業ネットワークの全体像、代表的なネットワーク機器、プロトコル、構築、運用、セキュリティなど、これからネットワークにかかわる人が知っておきたい知識をこの一冊で丸ごと解説!","https://amzn.to/403d3TA"
92,"https://m.media-amazon.com/images/I/51Ybz+6kIsL._SX389_BO1,204,203,200_.jpg","SRE サイトリライアビリティエンジニアリング ―Googleの信頼性を支えるエンジニアリングチーム","サイトリライアビリティエンジニアリング(SRE)とは、Googleで培われたシステム管理とサービス運用の方法論です。GoogleのSREチームの主要メンバーによって書かれた本書は、ソフトウェアのライフサイクル全体にコミットすることで世界最大規模のソフトウェアシステムがどのように構築、導入、監視、維持されているのかを解説します。","https://amzn.to/3l2H07N"
93,"https://m.media-amazon.com/images/I/41UyPDseKsL._SY344_BO1,204,203,200_.jpg","効果検証入門〜正しい比較のための因果推論/計量経済学の基礎","本書では「単純に比較すると間違った結論に導くデータ」から、より正しい結果を導くための分析手法と考え方を提供します。計量経済学における効果とは何か? を提示し、RCT(ランダム化比較試験)がいかに理想的な方法かを説明し、RCTができない場合でも因果推論を用いてRCTの再現が可能だということを説明していきます。","https://amzn.to/3LhcgKD"
94,"https://m.media-amazon.com/images/I/41Ekr6CCxDL._SX258_BO1,204,203,200_.jpg","Effective Python 第2版 ―Pythonプログラムを改良する90項目","GoogleでPythonを使ったさまざまなサービスを立ち上げ、Pythonを知り尽くした著者による、Pythonエキスパート必携書の改訂版です。第2版ではPython 3.8に対応、データ構造、内包表記とジェネレータ、性能、デバッグについての章を新たに追加するなど、第1版の59項目を大幅に改訂し、90項目にわたってベストプラクティス、ヒント、落とし穴の避け方だけでなく、新機能の使い方などのノウハウを解説します。優れたPythonコードを書くために何をすべきか、何をすべきでないか、なぜこれが良い方法なのかをPythonの流儀に従って解説。","https://amzn.to/3ZFE0NH"
95,"https://m.media-amazon.com/images/I/51B4ihagImL._SY344_BO1,204,203,200_.jpg","失敗から学ぶRDBの正しい歩き方 (Software Design plus)","「データベースがよく落ちる」「前任者が残したテーブル、SQLが読み解けない」「RDBMSを入れ替えたら予期せぬバグが」――MySQLやPostgreSQLといったRDBMS(リレーショナルデータベース管理システム)を使った業務システム、Webサービスを設計・運用していると、こういった問題によく直面するのではないでしょうか。本書はRDB(リレーショナルデータベース)の間違った使い方(=アンチパターン)を紹介しながら、アンチパターンを生まないためのノウハウを解説します。","https://amzn.to/3ZREJuO"
96,"https://m.media-amazon.com/images/I/51JNn1LtubL._SY344_BO1,204,203,200_.jpg","ゼロから作るDeep Learning ❸ ―フレームワーク編","大ヒットを続ける人気シリーズの第3弾。今回は「DeZero」というディープラーニングのフレームワークをゼロから作ります。DeZeroは本書オリジナルのフレームワークです。最小限のコードで、フレームワークのモダンな機能を実現します。本書では、この小さな――それでいて十分にパワフルな――フレームワークを、全部で60のステップで完成させます。それによって、PyTorch、TensorFlow、Chainerなどの現代のフレームワークに通じる知識を深めます。","https://amzn.to/3ZWjGI5"
97,"https://m.media-amazon.com/images/I/417sTnHlTwS._SY291_BO1,204,203,200_QL40_ML2_.jpg","機械学習を解釈する技術〜予測力と説明力を両立する実践テクニック","機械学習の研究開発が急速な勢いで進んでいます。理論研究はもちろん、機械学習手法が実装されたオープンソースのパッケージ開発も進み、それらを実務で利用するためのノウハウも蓄積されてきています。結果として、機械学習をはじめたばかりの入門者でも比較的高い精度の予測モデルを構築できるようになりました。","https://amzn.to/3yxvog3"
98,"https://m.media-amazon.com/images/I/51T8GjB0zfL._SX258_BO1,204,203,200_.jpg","プロになるJava―仕事で必要なプログラミングの知識がゼロから身につく最高の指南書 ","本書では、プログラミングを仕事にしたい、エンジニアとして働きたい方、およびほかの言語で開発しているがJavaも使えるようになりたいという方を対象に、Javaでプログラミングができるようになるための解説をわかりやすく丁寧に行います。","https://amzn.to/3yA6BrL"
99,"https://m.media-amazon.com/images/I/51j2a-lVLyL._SX258_BO1,204,203,200_.jpg","[第3版]Python機械学習プログラミング 達人データサイエンティストによる理論と実践 (impress top gear)","世界各国で翻訳された機械学習本ベストセラーの第3版!分類/回帰問題から、深層学習/強化学習まで、機械学習コンセプト全般をカバー。理論的背景とPythonコーディングの実際を解説しています。","https://amzn.to/3Jcm4D4"
100,"https://m.media-amazon.com/images/I/51xzk4tjGgL._SY344_BO1,204,203,200_.jpg","ネットワークはなぜつながるのか 第2版 知っておきたいTCP/IP、LAN、光ファイバの基礎知識","ブラウザにURLを入力してからWebページが表示されるまでの道筋をたどりながら、その裏側で働くTCP/IP、LAN、光ファイバなどの技術を説明していきます。インターネットを通ってサーバーまで行って帰ってくる道筋の途中には、今のネットワークの主要な技術要素が全部あります。そこでの機器やソフトウエアがどのように動き連携しているのかを探検すればネットワーク全体の動きがわかります。","https://amzn.to/3JvyhnV"
